Modulator	Frequency (Hz)	Amplitude
1	147.12487346196065	8.669343236415607
2	74.84902824653278	3.855501635228702
3	520.8089773203918	0.26507554466480643
4	820.1901093993894	1.1412204520214735
