Frequency (Hz)	Amplitude	Amplitude (dB)	Waveform	Coarse Tuning	Fine Tuning	Suggested Frequency (Hz)	MIDI Value	Note Name	Base Note
179.32976352326023	0.9480487628150518	-0.4633864836846622	sawtooth_wave	1.0	0	179.32976352326023	53.461337156778434	F3	Yes
198.661524420922	0.1519455665280356	-16.366239345112778	sine_wave	1.0	108	198.69737798377236	55.23683173342365	G3	No
297.05321111276	0.3321346643253397	-9.573715909316299	sine_wave	1.0	656	296.97008839451894	62.19376923082529	D4	No
523.7725398700352	0.1024835139694349	-19.78691983713092	sine_wave	2.0	460	523.6429094879198	72.01295758604195	C5	No
